<?xml version="1.0" encoding="UTF-8"?>
<project-private xmlns="http://www.netbeans.org/ns/project-private/1">
    <editor-bookmarks xmlns="http://www.netbeans.org/ns/editor-bookmarks/2" lastBookmarkId="0"/>
    <open-files xmlns="http://www.netbeans.org/ns/projectui-open-files/2">
        <group>
            <file>file:/home/user/Desktop/prj%20v1.9/HospitalMangementSystem/src/com/hospitalmangementsystem/view/ViewAccountant.java</file>
            <file>file:/home/user/Desktop/prj%20v1.9/HospitalMangementSystem/src/com/hospitalmangementsystem/model/room/Medicines.java</file>
            <file>file:/home/user/Desktop/prj%20v1.9/HospitalMangementSystem/src/main/java/com/hospitalmangementsystem/controller/ControllerPatientHistory.java</file>
            <file>file:/home/user/Desktop/prj%20v1.9/HospitalMangementSystem/src/com/hospitalmangementsystem/model/associationClasses/PharmacyBill.java</file>
            <file>file:/home/user/Desktop/prj%20v1.9/HospitalMangementSystem/src/com/hospitalmangementsystem/model/person/doctor/Doctor.java</file>
            <file>file:/home/user/Desktop/prj%20v1.9/HospitalMangementSystem/src/com/hospitalmangementsystem/model/associationClasses/OPDBill.java</file>
            <file>file:/home/user/Desktop/prj%20v1.9/HospitalMangementSystem/src/com/hospitalmangementsystem/model/room/Room.java</file>
            <file>file:/home/user/Desktop/prj%20v1.9/HospitalMangementSystem/src/com/hospitalmangementsystem/treatsIPD.java</file>
            <file>file:/home/user/Desktop/prj%20v1.9/HospitalMangementSystem/src/com/hospitalmangementsystem/model/person/nurse/Nurse.java</file>
            <file>file:/home/user/Desktop/prj%20v1.9/HospitalMangementSystem/src/com/hospitalmangementsystem/model/person/accountant/Accountant.java</file>
            <file>file:/home/user/Desktop/prj%20v1.9/HospitalMangementSystem/src/com/hospitalmangementsystem/model/person/patient/IPDPatient.java</file>
            <file>file:/home/user/Desktop/prj%20v1.9/HospitalMangementSystem/src/main/java/com/hospitalmangementsystem/view/ViewPrescriptionData.java</file>
            <file>file:/home/user/Desktop/prj%20v1.9/HospitalMangementSystem/src/com/hospitalmangementsystem/model/associationClasses/Appointment.java</file>
            <file>file:/home/user/Desktop/prj%20v1.9/HospitalMangementSystem/src/com/hospitalmangementsystem/model/room/pharmacy/Pharmacy.java</file>
            <file>file:/home/user/Desktop/prj%20v1.9/HospitalMangementSystem/src/com/hospitalmangementsystem/connectivity/Connectivity.java</file>
            <file>file:/home/user/Desktop/prj%20v1.9/HospitalMangementSystem/src/com/hospitalmangementsystem/model/associationClasses/ReportsMoney.java</file>
            <file>file:/home/user/Desktop/prj%20v1.9/HospitalMangementSystem/src/main/java/com/hospitalmangementsystem/controller/ControllerDoctor.java</file>
            <file>file:/home/user/Desktop/prj%20v1.9/HospitalMangementSystem/src/com/hospitalmangementsystem/model/associationClasses/IPDBill.java</file>
            <file>file:/home/user/Desktop/prj%20v1.9/HospitalMangementSystem/src/com/hospitalmangementsystem/model/person/receptionist/Receptionist.java</file>
            <file>file:/home/user/Desktop/prj%20v1.9/HospitalMangementSystem/src/com/hospitalmangementsystem/model/managment/Managment.java</file>
            <file>file:/home/user/Desktop/prj%20v1.9/HospitalMangementSystem/src/com/hospitalmangementsystem/model/room/Bed.java</file>
            <file>file:/home/user/Desktop/prj%20v1.9/HospitalMangementSystem/src/com/hospitalmangementsystem/view/ViewAccountantData.java</file>
            <file>file:/home/user/Desktop/prj%20v1.9/HospitalMangementSystem/src/main/java/com/hospitalmangementsystem/view/ViewAddNewDoctor.java</file>
            <file>file:/home/user/Desktop/prj%20v1.9/HospitalMangementSystem/src/com/hospitalmangementsystem/model/person/patient/OPDPatient.java</file>
            <file>file:/home/user/Desktop/prj%20v1.9/HospitalMangementSystem/src/com/hospitalmangementsystem/model/associationClasses/Prescitption.java</file>
            <file>file:/home/user/Desktop/prj%20v1.9/HospitalMangementSystem/src/com/hospitalmangementsystem/model/login/Login.java</file>
            <file>file:/home/user/Desktop/prj%20v1.9/HospitalMangementSystem/src/com/hospitalmangementsystem/model/room/AdmittingRoom.java</file>
        </group>
    </open-files>
</project-private>
