<?xml version="1.0" encoding="UTF-8"?>
<project-private xmlns="http://www.netbeans.org/ns/project-private/1">
    <editor-bookmarks xmlns="http://www.netbeans.org/ns/editor-bookmarks/2" lastBookmarkId="0"/>
    <open-files xmlns="http://www.netbeans.org/ns/projectui-open-files/2">
        <group>
            <file>file:/home/user/Desktop/prj%20v2.4/HospitalMangementSystem/src/main/java/com/hospitalmangementsystem/view/ViewAddNewDoctor.java</file>
            <file>file:/home/user/Desktop/prj%20v2.4/HospitalMangementSystem/src/main/java/com/hospitalmangementsystem/model/associationClasses/Prescitption.java</file>
            <file>file:/home/user/Desktop/prj%20v2.4/HospitalMangementSystem/src/main/java/com/hospitalmangementsystem/model/person/doctor/Doctor.java</file>
            <file>file:/home/user/Desktop/prj%20v2.4/HospitalMangementSystem/src/main/java/com/hospitalmangementsystem/controller/ControllerManager.java</file>
        </group>
    </open-files>
</project-private>
