<?xml version="1.0" encoding="UTF-8"?>
<project-private xmlns="http://www.netbeans.org/ns/project-private/1">
    <editor-bookmarks xmlns="http://www.netbeans.org/ns/editor-bookmarks/2" lastBookmarkId="0"/>
    <open-files xmlns="http://www.netbeans.org/ns/projectui-open-files/2">
        <group>
            <file>file:/home/user/Desktop/prj%20v2.1/HospitalMangementSystem/src/main/java/com/hospitalmangementsystem/view/ViewPharmacist.java</file>
            <file>file:/home/user/Desktop/prj%20v2.1/HospitalMangementSystem/src/main/java/com/hospitalmangementsystem/controller/ControllerPharmacist.java</file>
            <file>file:/home/user/Desktop/prj%20v2.1/HospitalMangementSystem/src/main/java/com/hospitalmangementsystem/view/ViewPharmacistGiveMedicine.java</file>
            <file>file:/home/user/Desktop/prj%20v2.1/HospitalMangementSystem/src/main/java/com/hospitalmangementsystem/view/ViewPharmacyBill.java</file>
            <file>file:/home/user/Desktop/prj%20v2.1/HospitalMangementSystem/src/main/java/com/hospitalmangementsystem/controller/MainController.java</file>
            <file>file:/home/user/Desktop/prj%20v2.1/HospitalMangementSystem/src/main/java/com/hospitalmangementsystem/model/login/Login.java</file>
        </group>
    </open-files>
</project-private>
