<?xml version="1.0" encoding="UTF-8"?>
<project-private xmlns="http://www.netbeans.org/ns/project-private/1">
    <editor-bookmarks xmlns="http://www.netbeans.org/ns/editor-bookmarks/2" lastBookmarkId="0"/>
    <open-files xmlns="http://www.netbeans.org/ns/projectui-open-files/2">
        <group>
            <file>file:/home/user/Downloads/HospitalMangementSystem/src/com/hospitalmangementsystem/treatsIPD.java</file>
            <file>file:/home/user/Downloads/HospitalMangementSystem/src/com/hospitalmangementsystem/model/associationClasses/ReportsMoney.java</file>
            <file>file:/home/user/Downloads/HospitalMangementSystem/src/com/hospitalmangementsystem/model/room/Medicines.java</file>
            <file>file:/home/user/Downloads/HospitalMangementSystem/src/com/hospitalmangementsystem/model/room/Bed.java</file>
            <file>file:/home/user/Downloads/HospitalMangementSystem/src/com/hospitalmangementsystem/model/room/AdmittingRoom.java</file>
            <file>file:/home/user/Downloads/HospitalMangementSystem/src/com/hospitalmangementsystem/model/room/Room.java</file>
            <file>file:/home/user/Downloads/HospitalMangementSystem/src/com/hospitalmangementsystem/model/room/pharmacy/Pharmacy.java</file>
        </group>
    </open-files>
</project-private>
