<?xml version="1.0" encoding="UTF-8"?>
<project-private xmlns="http://www.netbeans.org/ns/project-private/1">
    <editor-bookmarks xmlns="http://www.netbeans.org/ns/editor-bookmarks/2" lastBookmarkId="0"/>
    <open-files xmlns="http://www.netbeans.org/ns/projectui-open-files/2">
        <group>
            <file>file:/home/user/Downloads/HospitalMangementSystem/src/com/hospitalmangementsystem/model/person/pharmacist/Pharmacist.java</file>
            <file>file:/home/user/Downloads/HospitalMangementSystem/src/com/hospitalmangementsystem/model/person/accountant/Accountant.java</file>
            <file>file:/home/user/Downloads/HospitalMangementSystem/src/com/hospitalmangementsystem/model/person/doctor/Doctor.java</file>
            <file>file:/home/user/Downloads/HospitalMangementSystem/src/com/hospitalmangementsystem/model/person/patient/IPDPatient.java</file>
            <file>file:/home/user/Downloads/HospitalMangementSystem/src/com/hospitalmangementsystem/model/room/Room.java</file>
            <file>file:/home/user/Downloads/HospitalMangementSystem/src/com/hospitalmangementsystem/model/associationClasses/Prescitption.java</file>
            <file>file:/home/user/Downloads/HospitalMangementSystem/src/com/hospitalmangementsystem/model/room/Laboratory.java</file>
            <file>file:/home/user/Downloads/HospitalMangementSystem/src/com/hospitalmangementsystem/model/person/Person.java</file>
            <file>file:/home/user/Downloads/HospitalMangementSystem/src/com/hospitalmangementsystem/model/person/patient/OPDPatient.java</file>
        </group>
    </open-files>
</project-private>
